id,account,name
1,aspectniseko,Aspect Niseko
2,jaycnxakpj8,
3,zwei0907,ç‘‹
4,postredsoxon,Boston Red Sox
5,patti1u1va,Devil Studio é¡¶çº§å¤åˆ»
6,ppltbidwhdysmta,å·´é»ä¸–å®¶
7,joseph199281101,Joseph Chen
8,matthew_thefilmmaker,MatthewTheFilmMaker
9,onion_akito,Tony Tsai
10,holuoluo0927,ä½•æ´›ç‘„
11,a66y2p,Instaä¹°ç²‰ä¹°èµå¾®åšä¹°ç²‰Twitterä¹°ç²‰
12,tnwlhmbljjggtce5318,åäººçº¿ä¸‹çº¦ä¼šç¤¾åŒº
13,jessjwh,Jess Huang
14,shana85317,è¬é€¸è±
15,happyfunk2012,ä¸»æ© é™³
16,summerlemon_0207,ğŸ”¸NikkiğŸ”¸
17,cherrion_chicken,Marina
18,naom912,I ãªãŠã¿
19,sof9ova,
20,wen0210_,æ¥Šæ–‡è»’
21,marsharetea,æŸ¯å”¯ğŸ‘
22,caiven.c,è”¡å‡¡ç†™
23,_ginglebella,ç‹æ·¨ Gingle
24,masao_lunch_box,masao
25,beauty____ig,è¡¨ç‰¹IGğŸ˜
26,howhowhasfriends,HowHow
27,telombre,Actor | Bâ„“og | Traveâ„“ ğŸ”¹ï¸
28,shareking55,åˆ†äº«ç‹
29,yuen_nnnnnn,é»ƒäºæ©ğŸŸæº«å¦®
30,teacher_sindy,Teacher SindyğŸ‡¹ğŸ‡¼
31,yuankuoyuan,éƒ­æºå…ƒ
32,ugakimisato,å®‡å£ç¾é‡Œ
33,sevenfold.ta,yoshi
34,lulu2636,lulu
35,chan_hsu1007,Rex Lin
36,nisekoannupuriresidences,Niseko Annupuri Residences
37,iskandar_ismail_,katsuragi
38,thealpinist.niseko,The Alpinist
39,biancamarie_dejesus03,Bianca Marie De Jesus
40,gangsta_shadow13,ShadowRod
41,conorhanavan,conorH
42,doubletreemxsantafe,DoubleTree MX Santa Fe
43,0303ryu,RYUSHIN KONNO
44,snowluxe,SNOWLUXE â„¢
45,tgiqk,Jimmy Wang
46,leif_yu_chang_,Leif Yu-Chang Liu
47,iwithxjr400,Kazunori Satoh
48,maaa_saki,ä¸­æ‘çœŸåŸº
49,andy_0727,Andy Mao ğŸŒ™
50,hirokoharaikawa,Hiroko Haraikawa
51,jingzishanggu,ä¸Šè°·äº¬å­
52,capfrtx,Capfrtx
53,rmadeshop,Ryustaâ˜†gram
54,alexideunger,Alexi
55,jcc.g0513,JCChen
56,henriquemreal,Henrique MendonÃ§a
57,wesley_0217,æ²ˆæ¯“å¼·
58,pita_tofua,Pita Taufatofua (Pita T)
59,tmmmmo.0920,
60,munchungh,Mun Chung
61,gangshibeiben,æœ¬æœ«è»¢å€’
62,cjenick84,cjenick84
63,arata451,ã‚ã‚‰ãŸÂ´â€¢ï»Œâ€¢`ğŸ¾
64,audrey.kz,Audrey.kz
65,tony_wang07,Tony Wang
66,aliza_zahra,Aliza
67,purwo_sujiwo,purwo sujiwo
68,mel_cb,å¤§ç‰Ÿç”°å„ªä¹Ÿ
69,wang861003,ç‹è–åš
70,pauln0rris,Paul Norris
71,shinya_orange,Shinya Tachibana
72,jeunesse_mj,jeunesse_mj
73,olabiwizkid,davinchi
74,essaypickles,essay pickles
75,caraudiofortlauderdale,Car Audio Fort Lauderdale
76,om_taim5,Om Taim
77,chentm00,chen
78,receive.free_.x__fo11ows._,
79,khlntry_mhsn,Ù…Ø­Ø³Ù† Ú©Ù„Ø§Ù†ØªØ±ÛŒ
80,melinadesianti5960,Melina Desianti
81,j__somjitr,somjitr jungin
82,symkh6412,Ø³ÛŒØ§Ù…Ú©
83,lanhnguyen0701,Lanh Nguyen
84,ah.wunn,Ngoc Anh
85,estherzambrano18,esther
86,chris.valentim,Christopher Valentim
87,stevannyc08_,Stevanny C.
88,marshmallow_lisovakazka,"Ğ¢Ğœ ""Ğ›ĞµÑĞ½Ğ°Ñ ÑĞºĞ°Ğ·ĞºĞ°"""
89,blue730819,ê¹€íƒœê³¤
90,frank04082007,Frank Rojas
91,nandi_an,ãƒŠãƒ³ãƒ‚ã‚¤ã‚¢ Nandia Nur K.
92,lllly_,
93,ymx200000,ymx200000
94,jacky____hung,æ´ªæšæ†
95,albert_pic_fanatic,Chan Chia Liu
96,hoaianh_ly27,LÃ½ HoÃ i Anh
97,wind0822,è”¡é´»è¬¨
98,kennyszetoky,Kenny Szeto
99,mn1545134,å®¶ç¦¾
100,aegis_lee525,æå¾Œå„’
101,kidken0128,Sheng-Fong Gu
102,alexandrayee,Alex
103,songjiayan_ss,ä¸€åˆ‡å‘¨è€Œå¤å§‹
104,i_am_willwill,WILLWILL
105,leehoyan317,Ho Yan
106,vividouble,Vivié¹¿
107,calvin__dee,Calvin C
108,htanatuj,J U T A M A T T H.
109,beib.wang,Beibei
110,bagoesabyoso,Bagoes A.
111,emvgriz,ãˆ
112,shermay1,Sugar Ray
113,yougiohhh,
114,landarcia1110,Luis Andarcia
115,lenindavila.5,Lenin Davila
116,jsramon16,RamÃ³n JsğŸ‡©ğŸ‡´
117,bondodove,Thatayaone
118,dani.ortiiz,daniel ortiz
119,presstoget5kf01l0wersc6s,ğŸ’¥ GET REAL F011OWERS
120,nahunsito9,ğŸ’ˆnahun barudiğŸ’ªâš¾
121,wil.beisbol27,Wikelman Gonzalez
122,jeruhall,Jeru Dejay Hall
123,johnsonsladen,Sladen Johnson
124,lynnela7,lynne
125,markharold65,Mark Harold
126,grk0610,constantina
127,sinaicentersolution,Sinai center solution
128,carter.browning15,Carter Browning
129,patriots_brandon,Patriots In my heart
130,beberlynlarios,future kyjğŸ˜ğŸ˜
131,chico.amor,
132,goldendashflash,Goldendashflash
133,riera_yonathan,Yonathan Riera
134,dugartep20,Rafael Dugarte!
135,paulsr7,Paul Sotelo
136,guillejlg23,Guillermo
137,killiebran,King Archer ğŸ‘‘ğŸ¹âŒ
138,jacob_dunham32,Jacob Dunham
139,luis_ishida13,Luis Enrique CeseÃ±a Ishida
140,leicamike,Mike B
141,_playboymarti,Up NextğŸ™ğŸ¾
142,rsin621,Lyfe is full of surprises
143,cristopheralbertoarias,Cristopher Alberto Arias
144,randydupell,Randy Dupell
145,alexiahernandezor,AHOğŸ‡
146,phbaseball14,Landon Smithson
147,bohushalex,Alex Bogush
148,auriomosquea,A U R I O M O S Q U E A
149,hya0958,ç¨‹ç¶­å°¼
150,michelleli330,æ½‡michelle
151,jason0927,Jason Sang
152,honey_lip.yuka,Yuka
153,transelisa,elisa trans
154,dylan__oo,dylan oo
155,samuartist,SAMU Artist ğŸ‡¨ğŸ‡³ ğŸ‡¹ğŸ‡¼
156,maojiang6221,Maojiang
157,jam_baba,Jam
158,qutexue,é™ˆé›ª
159,armygeneral440,Michael Steve
160,jasonw12_wu,åŒ¹è¯ºæ›¹
161,lizihouse,å‘†èŒæ®¼å­åº—
162,reus_lee212,Reus Lee WeChat-kitzai2233
163,cheungchilam815,è®“çƒå‹æ‰‹ è³½é¦¬è¶³çƒå¿…å‹ç«™ç¾¤
164,ginno92,Ginno Ng
165,ywfwbalabala,æä¹¦éª
166,charlie_blood_harold_,haroldronfab
167,ericneil2000,Neil E
168,chiongl,Lee Chiong
169,bibi_0721,å˜‰ç²
170,shu_shu_ya,ğŸ·3mğŸ’‹
171,travisnch,
172,bibby_798,æ´ªé€¼
173,weiweishin_yen,weiweishin_yen
174,biffybritt,Victoria Smith
175,yihua17,Yihua
176,biaz43,beatriz
177,cheng01_,á‘•á•¼Eá‘GğŸ‘¨ğŸ»â€ğŸ“
178,word_xie,Jeffrey Word
179,bibby0207,îŒ”Bibbyç³ç³îŒ”bibby shop
180,wu2shing1hwan2._,
181,peixianpie,ğŸ‘¸ Pie
182,chenshuling310,Eling
183,iamt1104,Terenceä¾¯é›²é¾
184,kiahown,
185,sellshop127,ä»£è³¼ï¼Œæ‰‹æ©Ÿé…ä»¶ï¼Œç²¾å“ï¼Œiringç­‰....
186,achanaha,
187,_injenue_,. jennifer .
188,xzh_94,No Pain No Gain ğŸ˜
189,sahafsiskaazizah,siska
190,pagsuyuin.rielda,rieldsspagsuyuin_ğŸŒ»
191,m_1231211,suwarahi
192,habibahesham.habiba,Popa Hesham
193,bahaa._.amro,Bahaa R Amro
194,nur_izzx,Nurizzah
195,eun_hye2020,ğŸ‘§ìœ¼ë„¤ğŸ’•
196,microwave_hong_,Rice_Hong_Cooker
197,pokipoki2670,pokipoki
198,juliamcarmelo,JÃºlia Manoel
199,letisyai,LetÃ­cia Yoongi
200,joijoi8080,D.O
201,karen_00014,Anna Karen
202,oh_sehnnnnnnn,OhSehun
203,restiawn28_exol,Resti Anjani W.N.
204,hassan.mohamed.95,Hassan Mohamed
205,http.yeolmingi.thx,ğŸ¥ãƒ”ãƒ³ã‚¯çŒ«ğŸ¥
206,noragami_kcl,charlÃ¨ne
207,crissyioana87,Ioana cristina Andrei
208,aim_joy03,Gioia Chen
209,putrikhrns.ptr,putri.khaerunisa
210,dapwr,______d.
211,taewarmhugs,â€” kth ğŸ“ğŸ’«
212,jessangelt,Jessica Angel
213,_jannathxali_,Jannathali
214,mckenzie.cramer,McKenzie Cramer (Mac)
215,iriyenaoki,Iriye Naoki
216,park0928min,Park_MinRa
217,andriyal,Masha Kim
218,gabry_darks,Gabry Deadth â˜ 
219,sarioktavianiiii,oktaviani
220,aaliyahshay,é˜¿ä¸½é›… ~ Ø¹Ø§ÙŠØ§Ù‡ ~ Aaliyah ğŸ˜
221,lissbethhenriquezblake1815,Lissbeth
222,aish_laysaa,Laay
223,crazy_kpoppers,Crazy Kpoppers
224,typical.dance.cover,Jessamae Camacho
225,itsallabout.drama,Drama OST
226,nguyenha1219,Nguyen Ha
227,_goldengurl__,
228,bruce000011,å¼µåšå„’
229,as99042,ç±ƒä½³æ¬£
230,mickey11603,è¤šå‹ä»
231,goodgamer_steam_hkshop,Steamæ­£ç‰ˆéŠæˆ²ä»£ç†â€¢SteamåŠPCç‰ˆGTAåˆ·éŒ¢(ä¸»åº—)
232,andy850821,å¼µæ›¸è¯
233,jeff0988293717,Jeff Wu
234,cjhui1023,è”¡ä½³æ…§
235,tailin_08,Tim Lai
236,bearbear_online,ç†Šç†Šï¼š63åœ˜ç¶²è³ºå¹³å°ç¸½ç›£
237,35701598_leo_kao,é«˜æ—­å»£
238,liyingsyuan,Syuan â™‚
239,hsuehfang.liu,åŠ‰é›ªèŠ³
240,yanhong811211,Hain Katsao
241,kirkding0814,Kirkä¸
242,renpengwang,ç‹ä»èŠƒ
243,cps0715,PIN
244,cc_johnson_huang,Johnson Huang
245,chuckbear610,Chuck
246,a0970785810,æœ±æ¼¢æ£®
247,rosiecai06,è”¡å°å°
248,cindyys826,Cindy Chen
249,zynxyzouo,èœå–³
250,sanyuan_japan,ä¸‰åŸæ…§æ‚Ÿ Sanyuan
251,blog.mixflavor,ç¶œåˆå£å‘³
252,keelongxu,é€™ç¾¤äºº å±•æ¦® Keelong
253,nickwang1988,é€™ç¾¤äºº å°¼å…‹
254,ferrtsss,Alina èŒµè²
255,a_jie1125,A Jie
256,adidastmac15,æ¥Šæ•å…ˆ
257,liguangzu0323,æå…‰ç¥–
258,curry571,ç‹éº’å¯“
259,yunhaocheng,ç¨‹é›²è±ª
260,aeroflyimagens,AEROFLY IMAGENS AÃ‰REAS
261,samuel85921,ä¸–å®£ é»ƒ
262,zuzu_yao,é™³ç¥–ç‘¤ Joey ì „ì£¼ì•¼ìš°
263,alohaviolet,äºåº­ä»”
264,mysoulnyou,MY SOUL & YOU
265,lin_hua_chen,è¯è²Jenny Lin
266,u8320sharon,é„­å®‡åµ
267,chienjuwu,èŒœèŒœâ™¥
268,abch.hcxyz11,ä½•ç·—çª
269,ccc329bbb,é‚±é›…é”
270,a4773678,é™³ä¸–ç„
271,hippopingu1,Tseng Ching Ho
272,cleopatra_0106,æˆ‘æ˜¯æŸ”è±ğŸ™‹
273,mark_lu1222,ä½³æ˜Œ
274,whatisuername,æå½¥å‡
275,yedewei_leaf,è‘‰å¾·ç·¯
276,tsouivan,é„’æŸå½¥
277,smartanlee,æå®‰
278,gengyuliao,å»–è€•ä½™
279,_etinglu_,E Ting Lu
280,arthur020304,ç‹å¶½
281,hanchennn,Hanchen Sung
282,ethan.818,å† ä½‘
283,vivishi095,ViviWen
284,camicamihu,Camille Hu
285,kao_zc,é«˜zc
286,ko_jen1993,æŸ¯ä»»
287,tingjiac,é™³äº­å˜‰
288,tonyau3520,
289,huang.weini,é»ƒç¶­å°¼
290,jlee58tw,Jerry
291,pattychiou,pattychiou
292,baju_second_1456,
293,ssuyuan.huang,Ssu Yuan Huang
294,bt0966673383,å…«é‡ŒğŸ”¥åŠç”°ç‚­ç«ä¸²ç‡’ğŸ”¥
295,h2o2_nacl,å»–çŒ´å­
296,yi_cen_lian,é€£ç¿Šå²‘
297,leezheng1995,ææ”¿
298,asdsa82465,è”¡é€¸äºº
299,han.jovi,è¬ä»¥è¾°
300,carty083092,Carty Hsu
301,gogicam1,éƒ­ç‰™ç±¤
302,matterstu,Kent Chen
303,guo_wen,åœ‹æ–‡ è”£
304,jack9612622,Jack Chu
305,andy0918704500,æå“å¡
306,acasaicfc,
307,wen_pin_c,é™³é›¯è
308,shrivel_wallet,æˆ´å»‰æ©
309,kanakomomota_official,ç™¾ç”°å¤èœå­ ã‚‚ã‚‚ã„ã‚ã‚¯ãƒ­ãƒ¼ãƒãƒ¼Z
310,shioritamai_official,ç‰äº•è©©ç¹” ã‚‚ã‚‚ã„ã‚ã‚¯ãƒ­ãƒ¼ãƒãƒ¼Z
311,usamaru_manami,å…ä¸¸æ„›ç¾
312,manhattan814,Sean Teng
313,foodie__tt,t.t.dessert
314,che__in,CHE.IN
315,eatingliu619,åŠ‰æ‡¿è‘¶
316,judelin0525,Jude Lin
317,chacha518____,KOREAå•†å“å°ˆè³£åº—ğŸ’¡
318,adelane223,é»ƒæ–‡é¦™
319,uaf010310,Jeff Lai
320,ohnee.tw,Ohnee.tw
321,ya_ching_33,Ya Ching é›…æ™´ ğŸ˜
322,alexyang1228,
323,jessie7l,Jessie
324,___josh1996,Josh
325,kadosh.tw,å› éå¹´æœŸé–“ï¼ˆåˆ°2/23ï¼‰åªæ¥å–®ä¸å‡ºè²¨å”·ğŸ‚
326,7_hermoso,å› éå¹´æœŸé–“ï¼ˆåˆ°2/23ï¼‰åªæ¥å–®ä¸å‡ºè²¨å”·ğŸ‚
327,ian00357052,ã„—ã„’
328,obvc120,Norman
329,hsuanerrr,å®£è€Œ ğŸ¦ˆ
330,nitenite.99,nite nite
331,sloppyswatches,Jessica Fedoroff
332,bt21_official,BT21
333,hotsootuff,sá´á´Êá´á´œÉ´É¢ á´„Êœá´Éª
334,michyeora_official,ë¯¸ì³ë¼ ê³µì‹ ì¸ìŠ¤íƒ€ê·¸ë¨
335,lovepagi,ğŸ•á´¾á´¬á´³á´µå†¬å­£ç¾è²¨ä¾›æ‡‰
336,surprise.tw,å‚»æ´¾surprise
337,anniesartstudio,Fluid-Art Educator
338,inshop66,IN' SHOP
339,murmurm_,Koreaç¨å®¶è‡ªè£½æ¬¾æ‰‹æ©Ÿæ®¼ğŸ
340,annannlei_,Ann Lei
341,blancs.253,blanc s.
342,doris.in,å·¥ä½œå®¤è©¦ç©¿é ç´„ä¸­
343,cerealoutfit,CEREAL OFFICIAL
344,egghost_dessert,ç–å®…
345,am301am,3:01 AM _ Official instagram
346,tfdfj9594,tfdfj
347,zabava_dolls,Waldorf Dolls Zabava
348,haidy7855,Haidy
349,jonie_brownlie_247,å¤åˆ» å®šåˆ¶ å¥¢ä¾ˆå“ ä»¿è´§ ç•™å­¦ç”Ÿæ¸¯æ¹¾ é¾™å“¥
350,verybestballetpics,Very Best Ballet Pics
351,mr.demostater,Davidå¤§å«
352,98modem,Godfrey Bulega
353,tacticalu,Tactical U Firearms Training
354,rejuvcolleyville,Rejuv Juice
355,chiaramadferit_,Madferit_ğŸŒ»
356,vicky_man1119,100000%äº’followğŸ’‹ğŸ’‹
357,weffvdg9112,weffvdg
358,judy_00779,Judy Chang
359,the_ginger_traveller,Ash Cooney
360,greecella_sochelyn,greecella_sochelyn
361,showroom_meubel,furniture jepara
362,ouakass22,abdel basset
363,bitutamedebiyatt,Edebiyat
364,citypasskazakhstan,CITYPASS KAZAKHSTAN
365,killkli,Chun Yu Chen
366,yongyuannn,yongyuannn
367,gino_wei,G!NOè¡›
368,kola_chan_,kola
369,fayetsui15,
370,eryeyezi1990,å¶å­
371,qianisqian,ZHANGQIAN
372,32.lll.28,32.åŸæµ†æä»å¥¶
373,kueilin6077,é»ƒè²´ç³
374,tadsalak_p,Touch ğŸ¶
375,xiejunyoo_,
376,easypan__,Easypan
377,anian_ne,Nian
378,ona.1206,á´É´á´€ ğŸŒ¸ æ­å¨œ
379,kuan_maggie,Maggie Kuan
380,sencyowill,Sency Chen ğŸˆ é™³ å’è–‡
381,smile19974444,Shirley1997
382,tintins_edit,TinTin's Edit
383,chipsmoresim92,ChipsmoreğŸªsim
384,yikui007,é‡åœ£åš
385,1109julian,æ™¯æ›¦â™¥Julian
386,feng_kiki,
387,steelcitysole_sneakerrevival,Steel City Sole Ltd.
388,diorsyue,MCzY
389,lavenderartemis,Randi Lane
390,king_master_allah,King Master(Airbrush God)Vegan
391,atlbreez,brian
392,xml123411,å¾æ›¼ç²
393,amirhosseinalir,amirhossein alirezaee
394,ahbeng_junaidi,ahbeng junaidi
395,yangyangxun128,Xx
396,rlr201712,ğŸ‘‘é¡¶çº§é«˜ç«¯å¥¢ä¾ˆå“åŸä»£å·¥å‚è´§æºå…¨çƒé‚®
397,twroznmcxcscslg3039,äº¤å‹å¹³å°
398,ggksbwngmnuysym8318,é«˜ç«¯äº¤å‹å¹³å°
399,uxhbuuymmnqepie2683,D6ä¸“å±å¼‚æ€§çº¿ä¸‹çº¦ä¼šå¹³å°
400,fuypwcpbwvenyhn7908,å®‰å…¨å¯é  é«˜æ•ˆäº¤å‹å¹³å°
401,uhbmjseebgezjti5650,åäººé«˜ç«¯çº¿ä¸‹çº¦ä¼šå¹³å°
402,miizyqtjhhcnmsc1313,åäººé«˜ç«¯çº¿ä¸‹çº¦ä¼šå¹³å°
403,googwmwnyeehqts3065,D6ç”·å¥³çº¦ä¼šä¿±ä¹éƒ¨
404,uhblsxygzlejjzn7749,å…¨çƒåäººçº¿ä¸‹çº¦ä¼šç¤¾åŒº
405,cotibhipxsirloe5332,é«˜ç«¯ç§å¯†çº¦ä¼šç¤¾åŒº
406,xwangy,Wangy
407,kikiyu17,
408,junfai_eric,Eric J.F.
409,oyh85329,ç‘„HsÃ¼an
410,2kbabe,
411,__querer,
412,aaadcy,Ava Chiang
413,hugoomar_,
414,singtingtam,
415,bb_com_tw,
416,muzamir_hasan,Muzamir Hasan
417,lesliek7,Leslie Kwong
418,steven66123,steven66123
419,miss_dabaolulu,
420,emmamyw,
421,kevin_abraham1,kevin_abraham1
422,kisuyi_k,kisuyi
423,alexxn,Alex Ng
424,po_________ya,
425,yeongr,
426,howard_0209,ç«£æ‰¿ è¬
427,mitsui0617,PAUL æ­å·´ç¾Š ğŸ‡¹ğŸ‡¼
428,event10342012,Leo
429,ru8al6,å­«å®¶æ¯›
430,alistoto32237,æ—å­è»’
431,yangtingwei2650,æ¥Šåº­ç¶­
432,pachuco_tw,Pachucoé’æ˜¥å¢¨è¥¿å“¥é¤é…’é¤¨
433,ya31307,å°äº
434,evelyndrach,Evelyn Drach
435,s92freddy35,å³æ˜­æ²
436,wenchi_uu,æ¸¸ç´‹ç¶º
437,moik_1258,é™³å˜‰æ–‡
438,kartg0042145,è•­ç¦¾å¤
439,ultrapop.case,Ultrapop
440,palalalv04,Andy
441,shengren_wu,MarkWu
442,zejiegu,å°ç‹å­
443,st89288111,å˜éŠ˜
444,ss410410ss,éŸ“çš“ç„¶ï¼ˆğŸ«ğŸ©ğŸ­å¥¶æ²¹ğŸ®ğŸ°ğŸ¬ï¼‰
445,estelleeeeee38,ã‚¨ã‚¹ãƒ†ãƒ«
446,yiiiij_c1151,
447,pumawomen,PUMA Women
448,dolcegabbana,Dolce & Gabbana
449,gucci,Gucci
450,louisvuitton,Louis Vuitton Official
451,violette_fr,Violette
452,tchalamet,TimothÃ©e Chalamet
453,rhamemu037,
454,martineaw,Ida Martine Amlie WahlstrÃ¸m
455,ralphlauren,Ralph Lauren
456,camimorrone,Camila Morrone
457,hangtw,HANG
458,trophywifebarbie,Trophy Wife Barbie
459,revolve,REVOLVE
460,violetta,VIOLETTA KOMYSHAN
461,idealofsweden,iDeal Of SwedenÂ®
462,lulu4long,é¾ç’ç’
463,kenaloha6,Keina
464,akina71,Akina Tomiyama
465,u9526387,ç‹å…è¾°Jerry
466,jk._terry,å…†å²³ å¼µ
467,_lin_william_,æšè«–
468,poyao_huang,Po-Yao Huang
469,milkluffy605,é„­å­£è±ª
470,zyratest,æ—æŸå‹³
471,williamhong0318,æ´ªå‰å‚‘
472,judyyian85,æ—å¥•å®‰
473,amichelle523,Michelle
474,shengyan1029,å‹å½¥ğŸ‘ºğŸ”’
475,lien_bran,é€£å† ç¶¸
476,wings123,ğŸ»
477,vocastanley,è”¡ æ‰¿ ç¿°
478,__dr.jerry__,Jerry
479,benjaminchan66,é™³å¸¸æ¨‚
480,hsiehyihui,Emily
481,gogohihi_,ğŸ°â”
482,uuthezoo,
483,linchungyu,æ—é‡ä½‘
484,mingjung925,é™³åå®¹
485,stephencurry30,Wardell Curry
486,webarebears.official,We Bare Bears
487,bensimmons,Ben Simmons
488,thek8897,11/29~12/10 éŸ“åœ‹é€£ç·šä»£è³¼ğŸ›«
489,color_you___,
490,lonely.crane,å­–
491,nebulosomusic,Nebuloso
492,emroaug5186929,
493,alfred7374,Fashionable menswear
494,skyiezx,Bryan
495,dize19930522,é»ƒå£«éŠ“ é˜¿åœ–ğŸ°
496,weeeed18,ğŸ”«
497,eerr012345,æå† å„„
498,leoleoleo00o,æ´ªç¹¼å”¯
499,missellistringmusic,èœœçµ²è‰¾è‰Miss Elli String Music
500,rfrwrzgays,Tigeræ½®ç‰Œå·¥ä½œå®¤
501,uznwvwcq6,äº¤å‹å¹³å°VIVIAN
502,rayraxrayrax,é™³ç‘æ‰¿
503,chouroo1118,æå·§å¦‚
504,a0910919696,é™³é‡‘æ˜Ÿ
505,wyunxiu,å³æ˜€ä¿®
506,helloiam871230,æ™´åª—
507,sdefrdhy,sdefrdhy
508,khalimusintqp97,Insä¹°ç²‰ä¹°èµYoutubeåˆ·æµè§ˆé‡å¾®åšä¹°ç²‰
509,lemonyummy4188,
510,riho_yoshioka,å‰å²¡é‡Œå¸†
511,evaliu1998,evaæ‰‹ç¹ª
512,santifumiere,Santi FumiÃ¨re
513,pickariff,Pick A Riff
514,jaychou,Jay Chou
515,godreplyme,æˆ‘è¦ä½ çš„ç¥å›è¦†
516,giornosexypistol,Nellie
517,proudlock,Oliver Proudlock
518,marcelfloruss,One Dapper Street
519,matthewzorpas,Matthew Zorpas
520,marianodivaio,Mariano Di Vaio
521,henson,Matthew Henson
522,dennistodisco,DENNIS TODISCO
523,george_elder,George Elder
524,marcjoshveloso,Maj Veloso
525,asos_dennis,Dennis Glanz
526,lok666,SHAWN YUE // ä½™æ–‡æ¨‚
527,fanpageofeugenetong,fan page of Eugene Tong
528,9l_rickykuan,Ricky Kuan ğŸ§
529,june61886,æ—å½¥å»·
530,bonbon_scandal,å°æ¢ ãƒœãƒ³ãƒœãƒ³
531,qwe9926qwe,é¾å…†å‚‘
532,lulume0913,é»ƒéˆºå´´
533,ssamggtw,è¬æ”¿è«º
534,nina_nicol,éƒ­éƒ­
535,x910237,é„­æ¸è–‡ì •ìœ ë¯¸ğŸ’–
536,kellyga1510,æå˜ç©
537,peggy850814,å°é£›ğŸ˜å³ç®ç‘œ
538,pisces_john_,ğŸ’ ğŸ™‹ğŸ™ŒğŸ™
539,ellinia0317,æ±Ÿå“²å®‡
540,chaser1724,è¥¿è’™
541,pat321264,å„æ¼”é»ƒå¹³
542,woodywoody315,Woody
543,t_for_tinaland,è¸¢å¨œé†¬
544,miaooomm,. Mi A .
545,mojito_rose,Mojito Rose Soldan
546,ameow_lazygirl,å°‘å¥³é˜¿å¦™
547,shinystuffcreations,ShinyStuff
548,fusedyyy777,ãµã›ã§ãƒ
549,ezhiiiha,ĞĞ¶ ĞĞ»Ñ‘Ğ½ĞºĞ° ğŸ¦”
550,atticusthehedgie,Atticus The Hedgehog
551,its_me_kiwi__,KiwiğŸ¥the Hedgehog ğŸ¦”
552,hedgehog_azuki,ã‚ãšã/azuki
553,mr.pokee,Mr.Pokee the Hedgehog
554,peterca1992,æ–½ä½³å›
555,stellamaxpig,STELLA MAX JOHNSON
556,lolo_lolo_lolo0,Lolo Bobo
557,saya.kyouka.papa2014,ç¾©æœ— åŸç”°
558,jp_tetsuya,å“²ä¹Ÿ
559,masuichi.honten,ç›Šå¸‚æœ¬åº—
560,pong_kod_indy,à¸à¸¹à¸¡à¸±à¸™à¸­à¸´à¸™à¸”à¸µà¹‰à¸¡à¸¶à¸‡à¹„à¸¡à¹ˆà¹€à¸‚à¹‰à¸²à¹ƒà¸ˆà¸à¸¹à¸«à¸£à¸­à¸
561,yoana_seeart,
562,thitima__113,
563,rememberinjeju,ì œì£¼ê¹€ë…•ê¸°ì–µê²ŒìŠ¤íŠ¸í•˜ìš°ìŠ¤&ë¶ì¹´í˜
564,songyundai,æˆ´æ¾è€˜
565,little.neyud,HÃ ng Order ğŸ–¤ğŸ–¤ğŸ–¤
566,mahendraludi,ã¾ç·¨ãƒ‰ãƒ©ãƒ
567,jeet.sumi.5,Suman Chhetri
568,adelboukhdir,Adel Boukhdir
569,gongon4304,ç¦æ‘èŒ‚ç”·
570,haneul8886,í•˜ëŠ˜ìµœ
571,katunori181,ã‚³ãƒ„ã‚³ãƒ„è³‡ç”£å½¢æˆ
572,themoney_respect,
573,emadgaber802,Ø¹Ù…Ø§Ø¯ Ø¬Ø§Ø¨Ø±
574,kuchikomi_love,å£ã‚³ãƒŸãƒ©ãƒ–-è·¡éƒ¨äº”å·³
575,emm318,à¸§à¸£à¸Šà¸²à¸•à¸´ à¸§à¸£à¸¨à¸£à¸µ
576,santiphaaphep,à¸¡à¸±à¸™à¸”à¹‰à¸­à¸¢à¹à¸£à¸‡à¸®à¹‰à¸²
577,sahar_al3rakia,Ø³Ø­Ø±
578,a20483939,éº¥é¦™å¥¶ç¶ 
579,cde3alex0632,é»ƒå”¯æ´²
580,69_seichan,å»£ç€¬
581,devil731018,å®¥å…¨ é™³
582,jun___0209,ç½—å…†ç«£
583,jasonliu0922,åŠ‰è‚²éœ–
584,sasakimotoyasu,ã‚‚ã´
585,sh1n_88637,å¿—M
586,gonghyeonu,ê³µí˜„ìš°
587,k.alkut73kk,ÙƒØ±ÙŠÙ… Ø§Ù„Ù‚Ø±Ù‡ ØºÙˆÙ„ÙŠ
588,tongza0_0,à¸•à¹‹à¸­à¸‡à¹€à¸§à¹‰à¸¢à¹€à¸®à¹‰à¸¢ à¸™à¹Šà¸°à¸ˆà¹Šà¸°à¸™à¹Šà¸°
589,takahiro1018sp,å­å»£ éˆ´æœ¨
590,ys2141,æ¨ªå¡šå‹‡ä¹Ÿ
591,psophawandi,à¸‚à¸™à¸¡à¸«à¸§à¸²à¸™
592,oredsunso,è¡›æ¥·ä¾–
593,ancooooooo,è©¹å®‰å¯ ğŸ‘…Anco
594,junzhou5695,JunZhou
595,henry_hy_0521,Henry Dan
596,dxbhfhy,dxbhfhy
597,y1uhou,æ¿ 
598,adrian_eastbay,Adrian_12
599,fatimita_exol,Faty Zhang
600,xueting_,Zhang xueting
601,dianethlar_25,â¤~Dianeth Aguilar~â¤
602,my_teddy3445,Teddy Shop
603,rihobooo,R I H O
604,balenlapascale,Pascale Balenla
605,80174hao,æˆ´å½¥è±ª
606,hf_repair,HeiFei_Repair
607,customtoys2000,Custom Toys
608,cypres_rimowa,Cypres_å°ˆå”® Rimowa è¡Œæç®±
609,cdsbhy9782,cdsbhy
610,arshit4492,arshit patel
611,avloya_,A N D R E A L O Y A ğŸŒµ
612,lhjida5226,lhjida
613,minayixing,Mina Yixing
614,niksyuhadanikaziz,16 and 17
615,zx_cyc,Alessandra
616,anindita._01,ğŸ§
617,sulistiajs,sulistia juniarsih
618,tra._.m,My Tram Pham
619,godsprincess08,imclarizuhhğŸ˜ğŸ˜˜ğŸ’
620,zengcuaoyan,loveå¨œæ‰
621,eva.glvn,Kpopienne
622,reii.kitty,ğŸƒğŸŒ¸LeylağŸŒ¸ğŸƒ
623,mmegchloe,Megan Chloe
624,najlaradina,najlaâœŒ
625,rambut_hitam,real_rdn
626,fanying__cpf,å‡¡é–“ç©ç«ğŸ’“
627,aura__sesoca,ChağŸ¼ | 61+
628,baejinsbae,baejungkim
629,alex.frende,alex(?)
630,mliiniin,
631,stevy__03,stevy_03
632,itzzmagarita_cx,
633,_fang0428,
634,rice_0828,ç¨€é£¯.
635,ordinary_ghoul,è‘‰ å¦‚æ„
636,feeling19891122,Graciçš„ç™¾èŠ±å¦/ë°±í™”ì /AlmacÃ©n
637,yiyun0320,YiYun
638,helen891031,å­æ¶µğŸ’•
639,nini840703,è³´é‡‡å¦®ğŸ‘€
640,yun712009,æ˜“æ˜€
641,_bebe_1017_,ğŸ”®ï£¿ Ë™ê™ªË™ Ê™á´‡Ê™á´‡ğŸ”®
642,dlmc_11th_cch0717,å‘¨èŠ·å«»
643,mk09043388,å‚…å‡±å€©
644,yinnnliu,Iris Liu
645,wen_056,W
646,_miffy_25,åµ
647,ya26712293,ç´â¤ï¸
648,813.926,ç‘ç‘ç¾å¥³
649,c._097,JennyğŸ¾Katz ã® MomğŸ”†
650,z.hui__,ğŸ¦„ã„—Ë™ ã„ã„¨ã„ŸË‹
651,tzuyinshen1994,ç´«åŸ
652,maris_1007,éœä»”ğŸ‘
653,jhenjhen_1002,JhenğŸ’„
654,yixiu5112,æ£ ğŸŒ¸
655,nn.tti666,â™¡åƒæ¶µ
656,wooday62,MinğŸŒº
657,yx_10.06,NinÎ±â™¡âœ§
658,p_atti880529,ä½©å‡ğŸ¥€
659,gaexpa,é„­ç™¾ Patrick
660,qiyan1207,qi yanğŸ€
661,200311089__,don't follow
662,tinghuang1223,ç¦ ç¦â¤ï¸
663,zxcv_boom,å°ç™½
664,marco.0810,Marco
665,chen_1472,é™³çªè‡»
666,gvn.xoxo,The Man Behind You
667,blue_04_06,èŠ±èŠ±å…¬ä¸»ğŸŒ¼
668,7w.93_5_3,èŠŠå½£à¹‘
669,beson0932,é»ƒç­æ£®
670,_be._.rry_,è—è“æœå­â¤
671,anna_c0722,á¶œá´´á´±á´º-áµá´µ-á´¬á´ºğŸ–¤
672,wei810126,é­é­
673,eddie_8014,EddieğŸŠ
674,r_u_b_y_y_y_y_y,åƒèŒ¹
675,ja_miee923,è•™å©•
676,johana_aah,Johana â™ï¸
677,yiyun_ciao,YiYun Hsu
678,kitty__kt0331,Kitty Wen
679,billy_fini,
680,mr.triangle,ä¸‰è§’
681,tinichien,TINI ï½œ ç°¡å»·å€ª
682,mondayhsu,é€™ç¾¤äºº - å±•ç‘ Rays
683,tfconlineshop,TFC:itâ€™s good
684,jj_lin,JJ Lin
685,bn_sj2013,ë°•ì„œì¤€
686,waawei,é­å¦‚è± waa wei
687,austinlin27,Austin Linæ—æŸå®Lin Po Hung
688,patricia_meimei,æ—æ˜ å”¯ å°ç¾
689,brooklynbeckham,bb
690,yoannasun,YoannaS å­«å°¤å®‰
691,berant.zhu,æœ±å»·å…¸
692,rae_____jj,TOKYO-
693,actor_nien_hsuan,å³å¿µè»’ ì˜¤ë…í—Œ
694,moley_yumi,é™³å¦å¦‚
695,wei_hsuan0605,å”¯ç‘„ğŸ’–
696,rimazeidan51,â„œimÎ± ÆµeidÎ±n ç‘ç‘ªâ€¢å¸­ä¸¹
697,kuanghanhsu,Greg Han
698,eavece,
699,angel_ok_,Ã…Ã‘ÄÃ‹Ä¹ Ä¹Ã‹Å®Ã‘Ä ğŸ 
700,1lin_10_yi0,è–é™µ
701,wangzihyuan,ç‹å§¿åª›
702,iiin1123,
703,todd_1022,éƒ­æ˜‡å²³
704,nn.ggyy,è˜‡ä¼¯æ©
705,jer901208,ç‹æŸé™½
706,rita_3027,ğŸ“ˆâ¤æ¸¸åµå²â¤ğŸ“‰
707,chia0chen,å˜
708,adamliangboy,Adam liang \\ æ¢è–ç«  ğŸ‡¹ğŸ‡¼Taiwan
709,wei_0725_,ç…’
710,chiaohu1202,èƒ¡éˆå–¬
711,hddkfndj,azsxdc
712,jackch33,Jack Chen
713,ying_chang_wu,å³æ³°ç‘
714,d999489,é™³æ”¿å½¥ğŸ‘¨
715,purple7135,å³æœˆå¯
716,ansonhsieh,è¬å’Œæµ©
717,xinyanxiao,è•­æ–°è«º
718,hyulari,hillary
719,chunjennifer,è”¡æ²å¦Jenniferâœ¨
720,ryo__1226,Ryo Huang é»ƒæ¢“çš“
721,alexhkstw,å‡±ç¿” è¨±
722,vivianyu1110,ğŸ•ä½™åº­å®‰ğŸŒ«
723,tai_yun_chen,é¦–å¸­åˆºé’æ³°tattoo Tai
724,twn_stanc,é™³å¸Œé¨°
725,vinzenf,Vincent Wang
726,2018theoutsiders,é¬¥é­šé›»å½±ç‰ˆ
727,zoe6592,å›å›
728,jupppal,ì´ì£¼ì—°
729,andywu_1114,å³å²³æ“ Andy
730,alienwanning,é€£é˜¿
731,jellylinyun,æ—å…
732,uppoompat,up
733,meme_istan,Memes To Cheer You Up|19.1kâœ¨
734,juststarlight,å‘¨å“æ‡¸
735,lavinia19981203,é™³è™¹èŒœ
736,_b.c.h.k_,B.C.H.K.
737,imcharleslin,æ—æŸå¡
738,yan_ggeu,yangsamrye
739,lemonjune_,
740,ami_kyle726,AMI
741,kubo__kin,KUBOKIN
742,mamgirl29,â­ï¸
743,meme_zizid,Meme_zizid
744,02_scr,ãªãªã‚Š
745,masakoyal,Ellen Yang
746,mhkmmama,ã¾ãƒ¼ã¡ã‚ƒ
747,tomo.takamura,
748,westernbento,Kim H
749,marendia,å¼µå­å€«
750,adgjmptw10203,
751,sasaisa93,Isabella Yeoh
752,ya__ma__wa_i,ya__ma__wa__i
753,jessicafang0708,Jessica Fang
754,haruyoukoko,ã¯ã‚‹ã‚†ã†ã“ã“
755,komitarashi,è…°å¡š ã“ã¿ãª
756,yuria.tanaka,Yuria Tanaka
757,leafyi5,
758,ginza.shintaro,çŸ¢éƒ¨æ…å¤ªéƒ
759,nhk_asaichi,NHKã‚ã•ã‚¤ãƒ
760,anonimastudio,anonimastudio
761,kinmedaru,é‡‘ã¡ã‚ƒã‚“
762,higashinodesu,æ±é‡å¹¸æ²»
763,katorishingo_official,é¦™å–æ…å¾
764,yujiayabe,Yuji Ayabe
765,heavydrinker,MAYA
766,y_haiku,å±±ç”°å…¨è‡ªå‹•ï¼ˆã‚„ã¾ã ãœã‚“ã˜ã©ã†ï¼‰
767,bento_shimadaya,
768,maiin.18,mai
769,kentaro___gohan,anko
770,kubojyakubojya,Jya
771,marokiti55,
772,kurashi_kazoku_jibun,æ¡œæ¢…æ¡ƒæ
773,muccida,å†…ç”°çœŸç¾
774,masahitotasaka,Masahito Tasaka
775,tami_73,tami
776,kojimanatsuko_official,å°å³¶å¥ˆæ´¥å­
777,mming_9095,MMING!
778,benny.peng.0922,Benny Peng
779,eeelkoo,suny lui
780,someboy21,sung_one
781,jing7899,HSUN
782,zeng.shl.jla,æ›¾å£«å˜‰
783,shio076,å‡ŒæŸ’æºœ
784,josephkao_,Josephé«˜å»·ç¿°
785,jio133531,
786,standdalton,
787,wupingching,Ping ChingWu
788,wilson198a,Chu Yang Wan
789,bone7824,bone
790,plusyoungyoung,é™³ä½³é™½
791,butti306,çš“
792,river0862017,River Chang
793,neilliuliuliu,Neil Liu
794,easin228,Winston Lin
795,veteran_driver,ç«è½¦å¸æœº
796,ouo_1224,æ¬£å¦¤
797,ching_kai_chou,å‘¨é–å‡±
798,wan850703,
799,a.ruuuuu.a,ğŸ¦„
800,jieeeshin,æ½” å¿ƒ ğŸ¦„âœ¨â™“ï¸
801,017.__,
802,tamara1228,BirdyBirdy
803,leona01099,L ğŸ’
804,yingru13,ğŸŒ¸ç›§ç›ˆæ±
805,lnsta_dogs,Dogs Of Instagram
806,dylonchen,é™³è±ªâš’
807,chloefan_33,ğŸâ€¦ á´„ÊœÊŸá´Ã©
808,bluenessb,BeBe â—¡Ìˆâ™¥
809,chenzz58,ğŸŒ¸å®‰çª(Angel)
810,cat_0115,VivianğŸŒ¸ğŸŒ¸ğŸŒ¸
811,liu_yu_chiao,ğŸ€åŠ‰é›¨è•ğŸ€
812,s59187,åº·ç‘€åº­
813,xuanxuantw,Shaina C.â£ï¸
814,kkln_,á¦ailynne Zhang Â®
815,shiuannnnnn,SHIUAN YANG
816,sunday11025,Taipei Taiwan
817,arielyufanchen,Ariel Chen
818,shunkaicai,è”¡é †å‡±
819,michelle_037,é™³éƒå©·
820,cecilialinnnn,æ—é›¨æ™
821,kaimingtseng,Kai-Ming Tseng
822,xinlingceng,æ›¾å¿ƒéˆ
823,linda_tsai0716,è”¡å­Ÿæ’ Linda ëª…í˜„
824,1994chian,ğ“†ğ“†Ÿğ“†œğ“†ğ“†¡ğ“†ğ“†Ÿğ“†œğ“†ğ“†¡
825,yuki_0115_,å¤ªå¹³
826,love931101,æœ±å­è¾°Jeremy
827,chirdren_boo_,é›å‡¸boyè¦ªæˆš
828,ci.04.01,é„­ä½³æŸ”
829,ksyypwj,
830,yu_sin__1030,æè‚²æ¬£
831,wen_tangg,Yi-Wen Tang
832,peggy__910817,æŸ³.
833,91.09_03,é˜¿ç¦¾.
834,ann226_,ann226_
835,wei_yujun,é­æ„‰å›
836,meng_9210,ğŸŒ¸
837,afuuuuuuuuuu,é„§é˜¿ç¦
838,fuchikolovefood,ãƒ•ãƒå­èª  å¯¦ åƒ è²¨ å®¶âœ¨Taipei å°åŒ— ç¾é£Ÿ!
839,jj_94cool,Jæ£®
840,sevenfatofficial,ä¸ƒæœˆåŠ SevenFat
841,jaychang0127,Jay Chang
842,ma_shushu,é¦¬å”å” UNCLE MA
843,tsaibrother,è”¡å“¥
844,yga0721,è”¡é˜¿å˜
845,women.travel,A Community of Traveller Women
846,mattiaflora,Mattia Flora
847,house_of_tokyo_production,House of Tokyo
848,laurentiutd,Laurentiu TDğŸ‡³ğŸ‡´
849,love3travel,L o v e & T r a v e l
850,_ellenandersen,Ellen
851,tewich_miumiu1,Tewich Miumiu
852,gabbyhiatt,Gabriella Hiatt
853,travelmore.ig,Travel More
854,roaringpavilion,Roaring Pavilion
855,zephirinmandarin,ZÃ©phirin Lemandarin
856,beachnese5,Beachnese
857,becs_travelgadget,BEC`S TRAVEL GADGET
858,porte_della_moda,
859,wandering_citron,Bingyue Xu
860,selfiesgirlz,Sexy Selfies Collector
861,julievandoorselaer,Julie Van Doorselaer
862,travelling.is.life_,ğŸ›¬Travel addictedğŸ›«
863,ryan1064,Ryan Tuck
864,pao_amor_,Paola Escobar
865,dani__nick,Farhadnoori
866,chretienevelyne,Evelyne Chretien
867,leonie1691,leonie
868,chouaib_sissy,chouaib
869,alymarzouk,Aly Marzouk
870,vizrd,David Hardy
871,maxime.blotin,Maxime Blotin
872,graf_starkall,Steffen Starkall
873,mirelahorvatinovic,Mirela Alfirev HorvatinoviÄ‡
874,taopalawai,Tao
875,faerie_travel,Faerie Travel
876,silqer,Crimson_Art
877,thibleh,Thibault Vassor
878,manon.coudert,Manon Coudert
879,lucardisfeist,Lucardis Feist
880,piqures_et_sortileges,AlaÃ¯s Marion
881,lemarki4u,lemarki4u
882,luiginogalvanetti,Luigino Galvanetti
883,s98c0125,å“å‚¾è“‰
884,lin_chengham,æœ¨æœ¨æ‰¿æ¼¢
885,gye_gye_gg,æœ€å®…å‹‡è€…ã„â˜†
886,yaris0333,YariStrAnge
887,1.225_,ä¾ç¶¾
888,solo__0622,Ë¢á´¼á´¸á´¼
889,mengyi1021,main acc
890,bbbb0319,à®‡Ğ´à®‡ğŸ–
891,maggiezxc,æ—é‚æ·‡
892,xuan.914721,dorisç®ç‘„
893,tamcrystal95,Tamcrystal:)
894,qosya_3,è¶™ç®å¦¤
895,alfred.qiu,Alfred Chiu
896,esasa_albus,Esasa Albus
897,jasmime_719,æ¢å©•
898,xavier_lyu,Xavier_Lyu è•­å®‡
899,fang_yi_lin,Fang Yi Lin
900,_you_ng_wolf_,AnAndhu Sunil
901,listen621,å§šåšä»»
902,wei.0418,å‡±å´´ğŸ¤ª
903,kusogang,Kusoé»‘å¹«
904,holdchiou,å°±holdç³—
905,funvideo_news,Funå½±ç‰‡
906,happyfunvac,å¿«æ¨‚funæš‘å‡
907,sofunhahaha,ç¬‘ç ´ä½ è‚šçš®
908,poppkinkin,Shane Hung
909,potential_shorty,é™³æµ©æ­£
910,chan_kuo_chuan,åœ‹å·
911,patricklimxy,Patrick Xuan Yee Lim
912,daniel890207,æç‡
913,seng5060017,
914,yukinatsu__,Trung KiÃªn
915,dtotheh0628,å¼µå¾·å¼˜
916,guooo0118,Guo
917,696969_king,llllluj
918,today951753,Cookie
919,doctor_deng,é‚“æ—¥è¾‰
920,___mx_16___,(ï½¡ï½¥Ï‰ï½¥ï½¡)ï¾‰â™¡
921,zhou_siyou_1005,å‘¨æ€ä½‘
922,er.ic7877,Eric
923,yoyo183cm,éŒ¢éŒ¢
924,hongyi.wang.71,ç‹æ´ªæ¯…
925,shin_nan_chen,é™³æ¬£ç”·
926,read0221,Brian Chen
927,0825.0122,â­ï¸
928,motd.bonnie,ë³´ë‹ˆ
929,muyao4,æœ¨æ›œ4è¶…ç©
930,jw_anderson,JW ANDERSON
931,wahatomato,TOMO_é€ç‘ªé€ ğŸ‡¹ğŸ‡¼
932,thedejou___tw,dejou___tw
933,mixxmix_taiwan,mixxmix_taiwan
934,taitaihome,é‚°æ™ºæº é‚°é‚°çš„IG
935,lifegoeson__96,Magikarp
936,populzzang_mag,PopUlzzang æ³¢æ³¢å¦æ¼‚äº®
937,yuyu_whoknows,Yuyu Wang
938,raymond_whoknows,Padilla Raymondé›·é–€
939,blackpinkofficial,BLÎ›Æ†KPIĞ˜K
940,afad_taiwan,a Fad éŸ“åœ‹æ™‚å°šå¥³è£
941,yoyokulala,YOYO CAO
942,balenciaga,Balenciaga
943,noahclothing,Noah Clothing
944,vetements_official,VETEMENTS
945,elvisxhuo,ç”°äºéœ
946,kaikai_niceguy,å‡±é–‹
947,dancinggood,å°é˜
948,oscar_chen0323,Oscar Chen é™³è¼¿å®‰
949,vanstw,VansTaiwan
950,comfy_818,Comfy
951,tanba1109,ç¢³å§ï¼ç¢³çƒ¤åå¸ğŸ
952,nathanielma,é¦¬å£«å©·
953,xleonaqx,Leona Q. ï¼ãƒ¬ã‚ªãƒŠ
954,s1020300y2022,Sharon H.
955,gshock_tw__official,G-SHOCK Taiwan
956,alicechen0802,Alice Chen
957,unicornforu,Unicornæ‰‹æ©Ÿæ®¼ğŸŒˆÉªá´˜Êœá´É´á´‡ á´„á´€sá´‡
958,viyababe,Viya Cho
959,kobayashi518,æ—éŸ‹ä¸
960,ginoisfunny,Ginoå‹å®¥
961,kaichienkate,Kate Chung
962,bunny_eat_dessert,å…”å­åƒç”œé»
963,originals_tw,adidas Originals
964,abcmarttw,ABC MART TAIWAN
965,fufu_jp_,ğŸ‡¯ğŸ‡µæ„›æ—¥æœ¬çš„å§å¦¹ğŸ‘­
966,aka_wini,WÃ¬nÃ­
967,emmao215,
968,sandy87___87,Sandy87_87
969,wykf24_jiae,Jessica Chiu
970,jesshsia,Jessica H.â™¡
971,nike_rictr,NA NK_2
972,nnnnnian.718,çœ‹ä»€éº¼ 6
973,chihau98_,Chi Hau Loo
974,hua1998211,è¯ä»”
975,wen_033,Shengwentzeng
976,alice_9229,æå¿»å®¸
977,harry_20815,é»ƒç…œå“²
978,fkggz_0901,ğŸ‘…
979,hinzt87,HinsTKT87KennyTth
980,gin.9453,Emily Lin
981,zhengyilin9156,é„­ç¾©éœ–
982,shiuming__,è¨±ä¿®éŠ˜
983,lincaichen3366,
984,reluctantusername,
985,chien_yeh88,Chien_yeh
986,tlw7887,Destan
987,fxxkingrabbits,#FR2ğŸ‡ğŸ‡âœ¨ Leica photographerğŸ‡¯ğŸ‡µ
988,setstarmedia,ä¸‰ç«‹å¨›æ¨‚æ˜Ÿè
989,xxcaixx,C$ è”¡ç„
990,dramasettv,ä¸‰ç«‹è¯åŠ‡å®˜æ–¹
991,mr_yabatan,ãƒŸã‚¹ã‚¿ãƒ¼ãƒ¤ãƒã‚¿ãƒ³
992,chen_yu_yun,å“åˆ¥æ—(Cloud)
993,deerp34,å½¼å²¸çš„é¹¿ï¼ˆé¹¿æ˜¥åˆ†ï¼‰
994,faymihoooo,ğŸˆFaymi Ho
995,tutu_billion,å¡—
996,lornascobie,Lorna Scobie
997,mr.doumiao,è±†è‹—å…ˆç”ŸğŸŒ±
998,robinserious,robinserious
999,internetxdoll,â €â €â €â €â €â €â €â €â €â €â €â €â €â €â €â €ğŸ‘¼ğŸ»â”Š Leeâ”ŠğŸ‘¼ğŸ»
1000,dingshan888,ä¸å±±è‚‰åœ“
1001,c.g.n.y,C G N Y
1002,trends_taipei,TRENDS
1003,albapaulfe,Alba Paul Ferrer
1004,dulceida,Aida Domenech
1005,mxiv.1014,1014
1006,winspa2011,Winspaç¾éº—èŠåœ’
1007,hideoeiki,Hideo Eiki
1008,ryota_suzzz,éˆ´æœ¨ æ¶¼å¤ª
1009,boku_andy_27,Andy Taiki
1010,nonkichi0711,nonkichi0711
1011,syustagram4160,ã—ã‚…ã†ã„ã¡ã‚ã†
1012,tototokaji,æˆ¸æ¢¶ ç¿”å¤ªï¼ˆã¨ã‹ã˜ã—ã‚‡ã†ãŸï¼‰
1013,kooooh8500,ã“ãƒ¼ã™ã‘
1014,yukiii72250,å·¥è—¤å‹‡å¸Œ
1015,do_gaaaam,ã„ã—ã©ã†
1016,yumeto8806,ã‚†ã‚ã¨
1017,c.0927,c h i h i r o
1018,zzwwhaha,æµ·æ²’è†½
1019,shinyoko581124,Shin
1020,rimakira,MARIğŸ¯ğŸ€
1021,nemui86,nemui
1022,coconutsaburoh,ğŸ¥¥
1023,manthychan,Manthy
1024,asamikazushi,ã‚ã•ã¿ã‹ãšã—
1025,harutakagolf,harutakagolf
1026,meifa.c,mei
1027,tama__41.2001,å¤§å¡š ç ç”Ÿ
1028,saori___yoshida,å‰ç”°æ²™ä¿é‡Œ
1029,aobaokada,ã‚ãŠã°
1030,elina_arai,æ–°äº•æµç†é‚£
1031,tbs_recruit,TBSãƒ†ãƒ¬ãƒ“å°±æ´»ï¼
1032,yuumifuruya,å¤è°·æœ‰ç¾ Yuumi Furuya
1033,saekokamimura,ä¸Šæ‘å½©å­ TBSã‚¢ãƒŠã‚¦ãƒ³ã‚µãƒ¼
1034,risaunai,å®‡å†…æ¢¨æ²™ ã†ãªã„ã‚Šã•(TBSã‚¢ãƒŠã‚¦ãƒ³ã‚µãƒ¼)
1035,sasagawayuri,ç¬¹å·å‹é‡Œ
1036,akiyo0414,å‰ç”°æ˜ä¸–
1037,hayashiminaho,æ—ã¿ãªã»(TBSã‚¢ãƒŠã‚¦ãƒ³ã‚µãƒ¼)
1038,mark_bite_ali_1994,å¿—åœ è”¡
1039,____0704_____,
1040,yujaaay,JAY W.
1041,dorothyhsun,æ´µæ˜¯æˆ‘
1042,dinosaur_0602,æé¾
1043,smile810604,é»ƒå½¥éœ–
1044,fan_syuan_yun,èŒƒç‘„èŠ¸
1045,_enci84,é˜¿èŒ¶
1046,xuanhuang_55987,é»ƒå®£
1047,e03221234,ç´«æ¸…é›·
1048,c0930168355,é™³æ†²å®—
1049,baubaxbags,ç•™å­¦åœˆé¡¶çº§åŒ…åŒ…
1050,p5685946,å³æ˜æ†²
1051,jumbo1122334,æŸç¾½ é™³
1052,raikkonen_,è­½ æ¢
1053,peter_860609,è¬æ‰¿ç’‹
1054,mei_1.26,Meichi Hsu
1055,w1598647,è©¹åšç¿”
1056,william.f01047,ææ–‡é€š
1057,yanghai9248,Yang Kuang Hai
1058,stp_zhou,é„’å°è‡»
1059,lerck_xu,Lerck
1060,kisswen_1997,ææ
1061,aw.1201,aka ğŸ’ƒğŸ»ğŸ‘‘ğŸˆ
1062,rina61519,8UTğŸ¦
1063,gigi60926,æä½³è“‰
1064,albertmo0819,Albert Mo
1065,chencaicing,é™³é‡‡é’â¤ï¸ğŸ’›ğŸ’šğŸ’™ğŸ’œ
1066,tiny_219,Tinyã€‚å¾®å°çš„å¦³
1067,kaori_lee94717,é¦™â™¥
1068,159_______,ğŸŒ¸á´¾á´¼á¶œá´¬ğŸŒ¸
1069,y.o625,Ying HongğŸŒ¹ğŸŒ¹
1070,fuck_8742110,è’‚è’‚ğŸŒº
1071,batuhanones,BÃ–
1072,drift1983,Drift
1073,xiao_zhu_0111_,å°æœ±
1074,__rose.tsai,Rose Tsai
